1376252451498590211,kTBCfxTHjolM4D1
1492619598453256199,WayneKerr_2
1433082855890948104,Ice1119723611
1394358979925585924,RdvaN63179465
1491773814807883777,penyidikan
1468998623753080832,Alexcocsus1
1445283426857218049,ddowooki7
2613135314,zklim5389
1455451374058184705,Dharmve69737560
1378672023002624002,c321_jonny
1311014467417726976,EkaRudyYanti1
1419731197542940676,memati_12345
798137192614760448,arcaneprojekt
1140913615916154886,martin237222302
1455680952164708354,Ardwick__
961592937422323712,Bongdoromi
1134253457232338944,ahmetloca
1492174864396226560,trade_pari67
1492351010555244550,ABunDan50256666
578156626,klm_nop
1063322519275360256,gbucky2
1472195640042139657,RichDsk
1485245022790631428,Ariana6Mller
1492475874033213441,HenryMostol
841224768,chrisuttke
972410287809757184,oookkdd
1451862087890661377,TonyKo29158047
1482767326399594497,HANUMANCHAURA15
120699474,GladlyScuty
2928106884,cavid303
1370911805199904773,JKLEW6
1493521741234282496,thereallistowel
1494100717417738240,bacaxizzkripto
1491438375605260289,Educha96
894201369418227712,Bucshot_LeFunke
1140358231312785409,Alezimolo1
1367179499301961730,coinci2434
910599870054064129,ozbet16
1372376072285655042,IvanAdi29865296
1492484449463853063,jambore233
1382680477975375877,jbrownbaby1234
1493949928909029380,7ajzZTYkYzf6WnQ
1490752649754550275,ArtemSavchyk_
1494023799838232579,jonnyc3211
1392974316447338504,Charlie86711322
3394466171,umurozbaylar
1488940116148170754,financegenius64
2524971131,pchexx
1463593427149459459,antoine3532088
1454057660781899785,desperateness99
1361817704974471174,JanSadil1
1060376651811487744,m4rabbit_nft
905444828883722240,kien326888
1477875123826802691,mpallan7
1187152331583844352,JrDolotina
1469631973018767360,CarlosA45672461
1576181066,muraatcanyildiz
1493322541003427847,MSobhy1512
1487975789207298054,yashuhiro_art
36638463,pablo_lopez
1446260708849684484,ETHDubaiConf
5514152,katy_gca
1356945449572302849,GainsongainsN
1471885059305226251,DIMONSRT8
1324303232664018944,MERTER06205258
1477116553665650689,Bahadirxbay
1391868794063233024,muchocripto
1414607401576275976,Russhixxx
1081230261772304385,Hasan43059736
921274735564148736,marillady555
1447899197039157256,AlexP000000
1480546760669945860,Misteraelrond
1491357861250805761,AliPorhemmat
1395692714864242688,PadelaSujan
1039402561374171136,SnoopDanyDog
1489720656669335553,Sweetlanochika
1273181411558776833,Eddy14455664
1493154891170304001,TRUSTHOLD21
1371374545211379713,Abu82793870
1438199115649667076,PrintYourMoney
1460162614877691904,OMapsy
1492855933164298245,suesbtc
1493827084128595970,PrimeCreator777
955066337277218816,xmrtcp
1462058367401308171,MAdil76900126
840955584811737088,Timborifhill
1493777176864329738,HubaaBub
1493778580416856064,yaga_babba
2781005978,rov1027
1087712976625225729,iowhisp12
32787539,wuttipongm
1447298436731076612,NFTwhysoserious
968825396601982976,pt_trainer_
1479988637702008835,Farogh_irani
1441302497398693889,GajorNorbert
1485995424225890305,slimaly2
1485325192066969600,HelloAngeloWeb4
1493702187704328201,Bor84Em
2235848575,lgajowy
1438600776805408771,Ylmazdls34
